sex,id,age,restaurant,stars,race
Male,1,35,McDonald,1,White
Male,2,25,KFC,4,Other
Female,3,24,KFC,1,Black
Male,4,21,Taco Bell,4,White
Female,5,29,Burger King,5,Hispanic
Female,6,25,Taco Bell,3,White
Female,7,34,Burger King,1,White
Female,8,31,KFC,1,Black
Male,9,28,Burger King,2,White
Female,10,38,Burger King,3,White
Male,11,25,Taco Bell,1,Other
Male,12,34,Taco Bell,2,Other
Male,13,32,Taco Bell,3,Black
Male,14,28,McDonald,1,Hispanic
Male,15,23,KFC,5,Other
Male,16,30,Burger King,1,Black
Female,17,24,KFC,1,Other
Female,18,31,McDonald,3,Black
Female,19,20,Burger King,4,White
Male,20,22,Burger King,4,Hispanic
Male,21,36,Burger King,1,Other
Male,22,26,Taco Bell,2,Hispanic
Female,23,35,Burger King,1,White
Female,24,25,KFC,4,White
Female,25,23,Taco Bell,1,Black
Male,26,32,KFC,3,Hispanic
Female,27,27,McDonald,1,White
Male,28,24,Burger King,1,White
Male,29,20,McDonald,3,Black
Male,30,29,Burger King,5,Other
Female,31,30,McDonald,1,Black
Female,32,24,KFC,5,White
Female,33,38,McDonald,2,White
Male,34,33,KFC,3,Other
Male,35,21,McDonald,2,White
Female,36,20,McDonald,3,Black
Male,37,29,Taco Bell,2,White
Male,38,29,Burger King,2,Black
Male,39,29,Taco Bell,2,White
Male,40,36,Taco Bell,4,Other
Female,41,16,Burger King,2,White
Female,42,26,McDonald,1,White
Female,43,27,Taco Bell,3,Black
Male,44,35,Taco Bell,1,Black
Female,45,32,McDonald,4,White
Female,46,31,McDonald,2,Black
Male,47,37,Burger King,1,Black
Female,48,29,Taco Bell,2,Other
Female,49,29,Burger King,4,Hispanic
Male,50,31,KFC,4,Other
Male,51,34,KFC,2,Black
Male,52,21,Burger King,1,Other
Male,53,29,Burger King,1,White
Female,54,34,KFC,2,Hispanic
Female,55,35,McDonald,1,Other
Female,56,23,McDonald,2,White
Female,57,30,KFC,3,Hispanic
Male,58,31,McDonald,5,Black
Female,59,34,Taco Bell,2,Black
Male,60,22,Burger King,4,Hispanic
Male,61,29,KFC,3,Other
Female,62,31,McDonald,2,Other
Male,63,27,Taco Bell,5,Hispanic
Female,64,32,KFC,1,Black
Female,65,29,Burger King,1,White
Male,66,35,Burger King,5,Other
Female,67,25,McDonald,1,Hispanic
Female,68,30,Burger King,3,Hispanic
Male,69,25,McDonald,2,Hispanic
Female,70,36,KFC,2,Black
Female,71,38,Taco Bell,1,Other
Male,72,38,Taco Bell,2,Hispanic
Male,73,22,Taco Bell,4,Black
Male,74,28,Taco Bell,3,White
Male,75,26,Burger King,5,White
Male,76,19,Taco Bell,1,White
Male,77,37,McDonald,5,Other
Male,78,31,Taco Bell,5,Hispanic
Female,79,27,Taco Bell,3,Hispanic
Female,80,31,KFC,1,Black
Male,81,22,KFC,5,Black
Male,82,35,Taco Bell,3,Hispanic
Female,83,28,KFC,1,Black
Female,84,31,Burger King,1,Black
Female,85,20,McDonald,5,Black
Male,86,33,Taco Bell,1,White
Female,87,32,McDonald,5,White
Male,88,34,Burger King,1,Other
Male,89,33,KFC,5,White
Female,90,28,McDonald,2,White
Male,91,37,Taco Bell,5,White
Female,92,27,McDonald,5,White
Female,93,28,Burger King,4,White
Female,94,31,KFC,1,Black
Female,95,29,McDonald,5,Black
Male,96,35,Burger King,1,White
Male,97,28,Burger King,5,Hispanic
Female,98,17,McDonald,3,Black
Female,99,31,Burger King,2,White
Female,100,18,McDonald,1,Black
Male,101,33,Burger King,4,White
Female,102,29,McDonald,1,Other
Male,103,29,Burger King,3,Hispanic
Female,104,30,Taco Bell,5,Black
Female,105,34,Taco Bell,5,White
Male,106,38,Taco Bell,2,Other
Female,107,31,Burger King,4,White
Male,108,24,McDonald,1,Black
Male,109,33,KFC,3,Black
Female,110,19,McDonald,2,Other
Female,111,40,McDonald,5,White
Male,112,28,McDonald,5,White
Female,113,28,KFC,3,Hispanic
Female,114,25,KFC,1,White
Male,115,31,KFC,2,Hispanic
Female,116,24,McDonald,5,White
Female,117,34,KFC,4,Hispanic
Female,118,22,Taco Bell,4,White
Female,119,31,Taco Bell,2,Other
Female,120,32,Burger King,3,White
Male,121,31,Burger King,4,Other
Male,122,30,McDonald,4,Hispanic
Male,123,26,Burger King,4,Hispanic
Female,124,29,Taco Bell,1,Black
Male,125,33,Taco Bell,1,Hispanic
Male,126,30,KFC,2,Black
Male,127,33,Taco Bell,3,Black
Male,128,33,Burger King,1,Other
Male,129,19,McDonald,2,Hispanic
Male,130,32,McDonald,4,Hispanic
Female,131,31,KFC,3,Hispanic
Male,132,26,Taco Bell,4,White
Female,133,29,McDonald,1,White
Female,134,31,Burger King,1,Other
Male,135,37,Burger King,4,Hispanic
Male,136,32,Taco Bell,4,White
Female,137,23,Taco Bell,4,Black
Female,138,27,Burger King,4,Black
Female,139,28,KFC,2,Other
Female,140,29,KFC,5,White
Male,141,37,Taco Bell,4,White
Male,142,28,Burger King,2,White
Male,143,37,Taco Bell,4,Black
Male,144,33,KFC,4,Other
Female,145,30,Burger King,1,Hispanic
Male,146,29,KFC,3,Other
Female,147,33,McDonald,1,White
Male,148,31,Taco Bell,4,Hispanic
Female,149,35,Taco Bell,2,White
Female,150,27,Taco Bell,2,White
Female,151,28,McDonald,3,Hispanic
Male,152,24,Taco Bell,2,White
Male,153,39,Burger King,5,Hispanic
Female,154,22,KFC,3,Other
Male,155,30,KFC,4,Hispanic
Male,156,26,KFC,2,White
Male,157,24,McDonald,4,Hispanic
Female,158,31,McDonald,4,Black
Male,159,35,Burger King,4,Hispanic
Female,160,22,McDonald,1,Other
Female,161,24,KFC,3,White
Male,162,29,KFC,5,Hispanic
Female,163,31,Burger King,5,White
Male,164,34,KFC,4,Black
Female,165,25,McDonald,1,Hispanic
Male,166,38,McDonald,3,White
Female,167,30,McDonald,3,White
Male,168,26,McDonald,1,Other
Female,169,31,Taco Bell,3,White
Male,170,23,McDonald,3,Black
Male,171,31,McDonald,3,Hispanic
Male,172,34,KFC,5,White
Female,173,32,Burger King,4,White
Male,174,25,Taco Bell,3,Hispanic
Male,175,25,Burger King,1,Other
Male,176,27,Burger King,1,Hispanic
Male,177,27,KFC,2,Other
Female,178,38,Burger King,3,White
Male,179,35,KFC,1,Hispanic
Male,180,24,McDonald,4,White
Female,181,31,McDonald,3,White
Male,182,31,McDonald,3,White
Female,183,34,McDonald,3,Black
Male,184,30,Taco Bell,2,White
Male,185,30,McDonald,4,Other
Male,186,33,KFC,1,White
Male,187,29,KFC,4,Black
Male,188,28,McDonald,1,Hispanic
Female,189,26,KFC,5,Other
Female,190,26,Burger King,3,Other
Female,191,38,McDonald,4,Hispanic
Male,192,35,KFC,2,Black
Male,193,27,Burger King,5,Black
Female,194,35,Burger King,1,Hispanic
Male,195,29,McDonald,1,White
Male,196,24,Burger King,2,White
Female,197,37,McDonald,3,Black
Male,198,26,Burger King,3,White
Female,199,32,Taco Bell,4,Other
Female,200,34,McDonald,4,White
Male,201,23,Burger King,3,Other
Female,202,25,KFC,1,White
Male,203,22,KFC,1,White
Female,204,31,Burger King,3,Hispanic
Male,205,30,Taco Bell,3,White
Female,206,32,McDonald,1,Black
Male,207,28,McDonald,4,Black
Female,208,38,McDonald,4,White
Female,209,30,Burger King,4,White
Female,210,34,Taco Bell,1,Other
Female,211,32,Taco Bell,1,Hispanic
Male,212,38,Burger King,3,Other
Female,213,28,Burger King,2,Hispanic
Female,214,32,McDonald,4,Other
Male,215,34,Taco Bell,4,Black
Female,216,35,Burger King,1,Other
Male,217,32,Burger King,1,Black
Male,218,36,Burger King,4,White
Male,219,35,Taco Bell,2,Black
Male,220,27,KFC,1,Other
Male,221,34,Burger King,1,Hispanic
Female,222,28,Burger King,5,Other
Female,223,22,KFC,1,Other
Female,224,29,Burger King,2,Other
Male,225,28,KFC,3,White
Female,226,32,Taco Bell,5,Other
Female,227,37,Taco Bell,3,White
Female,228,23,Taco Bell,1,White
Female,229,34,McDonald,2,Black
Male,230,35,Burger King,5,Hispanic
Female,231,30,Taco Bell,1,Black
Female,232,34,Taco Bell,3,Hispanic
Male,233,28,Taco Bell,5,Black
Female,234,27,KFC,2,White
Male,235,36,Taco Bell,4,Other
Female,236,38,McDonald,1,White
Male,237,29,Taco Bell,5,Black
Male,238,37,Taco Bell,4,White
Female,239,26,Taco Bell,1,White
Female,240,32,Burger King,5,Other
Female,241,29,Taco Bell,2,Other
Female,242,27,McDonald,2,Black
Male,243,38,KFC,1,Black
Female,244,26,Taco Bell,4,Black
Female,245,33,McDonald,2,Hispanic
Female,246,30,Taco Bell,3,Black
Male,247,38,Taco Bell,1,Hispanic
Female,248,21,Taco Bell,2,Black
Female,249,37,Burger King,5,Hispanic
Female,250,35,McDonald,2,Hispanic
Male,251,26,Taco Bell,3,Black
Male,252,22,McDonald,2,Hispanic
Female,253,26,Taco Bell,3,Hispanic
Male,254,29,Taco Bell,3,Hispanic
Female,255,24,KFC,4,White
Female,256,29,McDonald,3,Hispanic
Male,257,39,KFC,4,Other
Female,258,33,McDonald,3,Black
Male,259,28,Burger King,1,White
Male,260,26,Burger King,2,Hispanic
Female,261,32,KFC,4,Other
Female,262,33,Taco Bell,1,White
Female,263,28,Burger King,1,Black
Female,264,33,Taco Bell,1,White
Female,265,26,McDonald,1,Other
Female,266,28,McDonald,1,White
Female,267,26,Taco Bell,2,Hispanic
Male,268,34,Taco Bell,3,White
Male,269,30,Burger King,5,Other
Female,270,31,Taco Bell,2,Other
Female,271,22,Taco Bell,4,Other
Male,272,30,KFC,3,Other
Female,273,27,McDonald,5,Other
Female,274,21,Taco Bell,3,Other
Female,275,28,Burger King,5,Black
Female,276,25,Burger King,1,White
Female,277,27,Taco Bell,2,Black
Male,278,26,Burger King,1,Hispanic
Female,279,28,Burger King,2,Hispanic
Female,280,24,KFC,5,Hispanic
Male,281,37,KFC,4,Black
Female,282,29,McDonald,1,Black
Male,283,36,KFC,2,Other
Male,284,35,Burger King,4,White
Female,285,24,Taco Bell,2,Other
Male,286,32,McDonald,3,Other
Female,287,28,Burger King,5,Black
Male,288,37,KFC,3,Black
Female,289,28,KFC,2,Black
Female,290,24,Taco Bell,4,Other
Female,291,31,Burger King,2,Black
Female,292,33,Taco Bell,3,Other
Female,293,31,Taco Bell,3,Other
Female,294,33,Taco Bell,4,Other
Female,295,45,Taco Bell,2,Other
Male,296,37,Burger King,3,White
Male,297,33,KFC,4,White
Female,298,29,Taco Bell,3,White
Female,299,38,KFC,1,Black
Female,300,29,Burger King,2,Black
Female,301,27,Burger King,4,White
Female,302,25,Burger King,4,Hispanic
Male,303,31,Taco Bell,2,Hispanic
Female,304,24,KFC,2,Other
Female,305,30,McDonald,2,Black
Male,306,37,Burger King,3,Other
Male,307,26,Taco Bell,5,Black
Female,308,27,Burger King,4,Hispanic
Female,309,33,McDonald,4,Other
Female,310,27,Taco Bell,1,White
Female,311,28,McDonald,1,Black
Male,312,26,KFC,4,White
Male,313,19,Burger King,3,White
Female,314,38,Taco Bell,2,Black
Female,315,23,KFC,1,Other
Female,316,34,Taco Bell,1,Other
Female,317,26,KFC,5,Black
Female,318,31,McDonald,1,Hispanic
Male,319,30,Burger King,5,White
Male,320,35,McDonald,2,Black
Female,321,34,McDonald,2,Black
Female,322,34,Burger King,1,Black
Male,323,32,KFC,3,White
Male,324,29,KFC,4,Other
Female,325,32,Taco Bell,4,Hispanic
Male,326,30,McDonald,1,Hispanic
Male,327,29,Burger King,3,Other
Female,328,33,Taco Bell,4,Black
Female,329,23,McDonald,4,Black
Female,330,27,McDonald,5,White
Female,331,24,Taco Bell,5,Hispanic
Female,332,29,KFC,2,Other
Male,333,33,McDonald,2,Black
Male,334,26,Burger King,3,White
Female,335,26,Taco Bell,5,White
Female,336,17,Burger King,3,White
Male,337,29,KFC,4,Other
Female,338,22,Taco Bell,4,Black
Male,339,35,Burger King,1,Hispanic
Male,340,22,McDonald,5,Other
Male,341,30,Burger King,2,Black
Male,342,33,Burger King,1,Black
Male,343,23,KFC,1,Hispanic
Male,344,34,McDonald,2,Other
Female,345,30,KFC,5,Hispanic
Male,346,29,Burger King,4,Hispanic
Female,347,24,Taco Bell,4,Other
Female,348,23,Taco Bell,3,Black
Female,349,35,McDonald,4,White
Female,350,36,KFC,5,Black
Male,351,33,Taco Bell,4,White
Male,352,29,Burger King,5,Other
Female,353,33,Burger King,5,Black
Female,354,32,Taco Bell,4,White
Male,355,22,Burger King,1,Black
Male,356,22,Taco Bell,5,Black
Female,357,33,McDonald,3,Other
Female,358,30,Taco Bell,2,Other
Male,359,33,Burger King,3,Hispanic
Male,360,29,Burger King,1,Other
Female,361,33,Taco Bell,4,Other
Female,362,25,Taco Bell,3,Hispanic
Male,363,25,McDonald,2,Black
Female,364,31,Burger King,4,White
Male,365,31,Burger King,1,Black
Male,366,30,Burger King,2,White
Female,367,28,KFC,3,Hispanic
Female,368,32,Burger King,1,Other
Male,369,28,Taco Bell,2,Black
Male,370,31,McDonald,3,Black
Male,371,36,Taco Bell,5,Other
Female,372,28,Burger King,4,White
Female,373,32,KFC,3,Black
Male,374,28,KFC,3,Black
Male,375,31,McDonald,2,Other
Female,376,23,Taco Bell,4,White
Female,377,30,McDonald,1,White
Male,378,33,KFC,4,White
Female,379,29,Burger King,4,White
Female,380,31,Burger King,3,Black
Male,381,21,McDonald,3,White
Female,382,35,KFC,3,Hispanic
Female,383,29,KFC,1,Other
Male,384,24,KFC,1,Other
Male,385,26,Taco Bell,1,Hispanic
Male,386,27,KFC,2,Black
Male,387,35,Burger King,1,Hispanic
Female,388,41,KFC,5,Hispanic
Male,389,22,Taco Bell,2,Hispanic
Male,390,29,Burger King,2,Hispanic
Male,391,27,Burger King,1,White
Female,392,33,Burger King,4,White
Male,393,27,Burger King,5,White
Male,394,26,Taco Bell,5,Black
Female,395,29,KFC,3,Black
Male,396,20,Taco Bell,3,White
Female,397,43,McDonald,2,Black
Male,398,34,Burger King,4,White
Female,399,38,KFC,4,Black
Female,400,26,McDonald,1,White
Male,401,32,Taco Bell,4,Other
Female,402,31,Burger King,5,Hispanic
Female,403,33,McDonald,1,Black
Male,404,26,McDonald,4,White
Male,405,28,Taco Bell,5,White
Female,406,36,Burger King,3,Hispanic
Male,407,34,KFC,2,Hispanic
Male,408,28,Burger King,2,White
Female,409,21,KFC,4,Black
Male,410,22,Taco Bell,1,White
Female,411,32,McDonald,2,Other
Female,412,29,Burger King,2,Hispanic
Male,413,27,McDonald,4,Hispanic
Female,414,27,KFC,3,Other
Female,415,32,Taco Bell,2,White
Female,416,25,Burger King,2,Hispanic
Male,417,29,Taco Bell,4,Black
Female,418,24,KFC,4,Hispanic
Female,419,29,Taco Bell,5,Other
Female,420,29,McDonald,1,Black
Female,421,26,Taco Bell,5,Hispanic
Female,422,29,McDonald,1,White
Male,423,37,KFC,5,Other
Male,424,26,Taco Bell,5,Black
Male,425,28,KFC,5,White
Male,426,27,Taco Bell,1,Hispanic
Male,427,28,Taco Bell,3,Other
Male,428,27,KFC,2,Other
Female,429,32,McDonald,5,Black
Female,430,29,McDonald,1,White
Male,431,29,Taco Bell,5,Hispanic
Male,432,39,KFC,4,Other
Male,433,25,McDonald,1,Other
Female,434,31,KFC,4,Other
Male,435,39,Taco Bell,4,Hispanic
Male,436,34,KFC,3,Black
Female,437,27,Burger King,2,Hispanic
Male,438,34,McDonald,4,Black
Male,439,31,Burger King,4,Other
Female,440,29,Taco Bell,2,Black
Female,441,17,KFC,4,Other
Male,442,33,KFC,4,White
Female,443,25,McDonald,3,Other
Male,444,31,Burger King,5,White
Female,445,32,McDonald,2,Other
Female,446,18,KFC,3,Hispanic
Female,447,28,Taco Bell,5,Other
Male,448,43,KFC,4,Other
Female,449,26,Taco Bell,4,White
Male,450,26,McDonald,5,White
Male,451,29,Taco Bell,3,Hispanic
Female,452,26,KFC,5,Other
Female,453,26,Taco Bell,2,Black
Male,454,19,McDonald,5,White
Female,455,25,Burger King,1,White
Male,456,31,Burger King,5,White
Female,457,30,KFC,1,Black
Female,458,26,McDonald,2,Black
Male,459,32,KFC,2,White
Male,460,29,Taco Bell,1,Black
Male,461,37,McDonald,3,White
Female,462,29,Burger King,5,Other
Female,463,21,Taco Bell,3,Other
Female,464,38,McDonald,4,Other
Female,465,31,Burger King,5,White
Male,466,20,KFC,3,Other
Female,467,31,Burger King,2,Other
Female,468,30,Burger King,4,Other
Female,469,26,McDonald,4,Other
Female,470,36,McDonald,3,Hispanic
Male,471,23,Taco Bell,5,Black
Male,472,32,Burger King,1,Black
Female,473,31,KFC,4,White
Female,474,34,McDonald,1,White
Male,475,27,KFC,2,Other
Female,476,20,McDonald,4,White
Female,477,20,McDonald,3,White
Male,478,27,KFC,5,White
Male,479,25,Taco Bell,4,White
Female,480,39,McDonald,1,Hispanic
Male,481,22,Taco Bell,4,Hispanic
Female,482,36,KFC,5,White
Female,483,30,KFC,3,Black
Female,484,44,KFC,3,Hispanic
Female,485,26,Taco Bell,1,Other
Male,486,24,Burger King,5,White
Male,487,31,McDonald,3,Other
Male,488,32,McDonald,1,Other
Male,489,30,KFC,4,Other
Male,490,24,Burger King,3,White
Male,491,30,KFC,4,Black
Female,492,30,McDonald,5,Black
Male,493,34,McDonald,3,Hispanic
Female,494,30,McDonald,1,Black
Female,495,23,Taco Bell,5,White
Male,496,26,Taco Bell,3,Hispanic
Female,497,30,KFC,4,White
Male,498,28,KFC,1,Other
Female,499,26,Taco Bell,1,Other
Female,500,30,Taco Bell,5,White
Female,501,32,McDonald,3,Other
Female,502,35,KFC,2,Hispanic
Male,503,24,Taco Bell,2,White
Male,504,23,McDonald,1,Other
Male,505,40,McDonald,1,Black
Female,506,36,Taco Bell,4,Other
Female,507,31,McDonald,3,Other
Female,508,28,Taco Bell,2,Hispanic
Female,509,20,Burger King,1,White
Female,510,31,Taco Bell,2,Black
Male,511,21,Burger King,3,White
Male,512,49,Taco Bell,3,Hispanic
Male,513,28,McDonald,3,Black
Female,514,23,KFC,4,White
Male,515,26,McDonald,3,White
Female,516,34,McDonald,2,Other
Male,517,31,KFC,4,Black
Male,518,28,Burger King,2,Other
Male,519,34,Burger King,2,Hispanic
Female,520,22,Burger King,2,White
Female,521,24,Taco Bell,2,Hispanic
Female,522,34,Taco Bell,4,Other
Female,523,34,KFC,3,Other
Female,524,31,Taco Bell,1,Other
Female,525,36,Burger King,4,Other
Male,526,29,Burger King,4,White
Male,527,36,McDonald,5,Black
Male,528,38,Taco Bell,4,Black
Female,529,28,Taco Bell,2,Hispanic
Female,530,35,Taco Bell,5,Hispanic
Male,531,37,Burger King,1,Hispanic
Male,532,36,McDonald,5,White
Male,533,30,KFC,4,White
Female,534,24,McDonald,4,Black
Male,535,21,McDonald,1,Hispanic
Male,536,27,Taco Bell,2,Black
Male,537,29,KFC,5,White
Female,538,35,McDonald,5,White
Female,539,32,KFC,5,Hispanic
Male,540,30,McDonald,2,Black
Male,541,32,Burger King,5,Other
Male,542,27,Taco Bell,3,White
Male,543,25,Burger King,5,Hispanic
Male,544,31,Taco Bell,2,Black
Male,545,28,McDonald,1,Black
Male,546,20,KFC,2,White
Female,547,29,Burger King,2,Other
Female,548,29,McDonald,3,Other
Male,549,25,KFC,1,Black
Male,550,35,Taco Bell,4,Black
Female,551,31,McDonald,5,Other
Male,552,31,Burger King,4,Other
Female,553,33,KFC,5,Black
Male,554,29,Taco Bell,5,White
Female,555,36,Taco Bell,1,Hispanic
Male,556,35,McDonald,4,Hispanic
Male,557,25,Taco Bell,4,Other
Female,558,33,Burger King,4,Black
Male,559,28,Burger King,2,Other
Male,560,33,Burger King,2,Black
Male,561,32,Taco Bell,2,Black
Male,562,37,McDonald,5,White
Female,563,30,Taco Bell,3,Black
Male,564,24,Burger King,5,Other
Female,565,33,Taco Bell,2,Hispanic
Male,566,26,McDonald,3,Hispanic
Male,567,28,KFC,3,White
Male,568,31,Burger King,3,Hispanic
Male,569,26,KFC,1,Hispanic
Male,570,38,Taco Bell,3,Hispanic
Male,571,31,KFC,5,Black
Female,572,31,Burger King,4,White
Female,573,29,Taco Bell,5,Black
Female,574,19,Taco Bell,3,Black
Male,575,21,Taco Bell,5,White
Male,576,25,McDonald,2,White
Male,577,30,KFC,1,White
Male,578,29,KFC,2,Hispanic
Female,579,37,Taco Bell,2,Hispanic
Female,580,20,McDonald,5,Black
Male,581,27,Burger King,5,White
Female,582,36,Burger King,3,Other
Male,583,30,Taco Bell,5,Black
Female,584,30,McDonald,3,Other
Female,585,34,KFC,5,White
Male,586,26,Burger King,2,Hispanic
Female,587,34,KFC,3,Black
Female,588,31,Taco Bell,1,Black
Male,589,31,McDonald,5,White
Female,590,25,Taco Bell,1,Black
Male,591,36,Burger King,3,Other
Female,592,31,KFC,4,White
Female,593,29,McDonald,2,Other
Male,594,37,McDonald,4,Black
Female,595,29,Burger King,4,Other
Female,596,37,Burger King,4,White
Male,597,24,Taco Bell,2,White
Female,598,25,McDonald,3,Other
Male,599,22,Taco Bell,1,White
Male,600,31,Taco Bell,4,Hispanic
Male,601,24,KFC,2,White
Female,602,33,Burger King,2,Other
Female,603,28,KFC,1,Hispanic
Female,604,34,Taco Bell,3,Black
Female,605,37,Taco Bell,5,Black
Female,606,30,KFC,4,White
Female,607,25,McDonald,3,Hispanic
Male,608,29,McDonald,1,Hispanic
Female,609,33,Taco Bell,2,Other
Female,610,34,Burger King,2,Hispanic
Male,611,38,McDonald,4,White
Female,612,35,KFC,2,Black
Female,613,27,McDonald,3,Black
Female,614,25,Taco Bell,1,White
Male,615,30,Taco Bell,2,Hispanic
Male,616,35,McDonald,4,Black
Female,617,29,KFC,3,White
Male,618,34,KFC,5,Hispanic
Female,619,30,McDonald,3,Other
Female,620,28,KFC,1,Black
Female,621,32,KFC,1,Black
Female,622,23,McDonald,1,White
Female,623,24,Burger King,4,Black
Female,624,22,KFC,3,Black
Male,625,21,McDonald,4,Hispanic
Female,626,26,KFC,1,Black
Female,627,27,McDonald,3,Other
Female,628,34,McDonald,2,White
Male,629,30,McDonald,4,White
Male,630,34,McDonald,1,Other
Male,631,29,Burger King,4,Hispanic
Male,632,30,McDonald,1,Black
Female,633,27,Taco Bell,4,Hispanic
Male,634,36,Burger King,3,Other
Female,635,26,Burger King,1,Hispanic
Male,636,25,McDonald,5,White
Female,637,35,KFC,1,Hispanic
Female,638,28,Taco Bell,5,Other
Female,639,27,McDonald,5,Hispanic
Male,640,39,Burger King,5,Other
Female,641,27,McDonald,4,Black
Male,642,32,Burger King,2,Hispanic
Female,643,22,Burger King,4,White
Male,644,25,Burger King,1,Black
Male,645,23,KFC,2,Other
Male,646,28,McDonald,3,Black
Male,647,35,Taco Bell,4,Black
Female,648,28,Burger King,5,Hispanic
Male,649,27,Burger King,2,White
Male,650,26,Burger King,1,Hispanic
Female,651,29,KFC,3,Black
Female,652,33,Burger King,4,Other
Male,653,31,KFC,2,Black
Female,654,29,Taco Bell,4,Other
Female,655,27,McDonald,4,White
Male,656,26,Burger King,5,Other
Female,657,21,Taco Bell,5,Hispanic
Female,658,25,Burger King,5,Other
Male,659,27,Taco Bell,4,Other
Male,660,32,KFC,5,Hispanic
Female,661,27,Taco Bell,5,Black
Male,662,19,Burger King,5,Other
Male,663,41,KFC,5,Black
Female,664,37,McDonald,2,Black
Male,665,36,Burger King,2,Hispanic
Male,666,16,Taco Bell,2,Other
Male,667,26,KFC,4,Other
Male,668,41,McDonald,2,White
Female,669,34,KFC,1,Other
Male,670,26,McDonald,1,White
Female,671,37,KFC,5,White
Female,672,37,Burger King,1,Hispanic
Female,673,36,KFC,5,Hispanic
Male,674,29,KFC,2,Other
Female,675,24,Taco Bell,5,White
Female,676,27,Taco Bell,3,Hispanic
Male,677,27,KFC,1,Black
Female,678,29,Taco Bell,5,Hispanic
Male,679,37,KFC,5,Black
Female,680,29,Burger King,2,Other
Female,681,34,Burger King,3,Hispanic
Male,682,20,Burger King,1,Black
Male,683,36,KFC,3,Other
Female,684,26,Taco Bell,2,Black
Female,685,16,KFC,1,Other
Male,686,39,Burger King,3,White
Female,687,19,Burger King,5,Other
Female,688,36,KFC,4,White
Male,689,30,McDonald,4,Other
Male,690,30,Taco Bell,4,Hispanic
Male,691,23,Burger King,5,Other
Female,692,28,Burger King,5,Black
Female,693,26,KFC,2,Other
Female,694,34,Taco Bell,3,Black
Female,695,31,McDonald,5,Other
Male,696,24,Burger King,5,Black
Female,697,32,Burger King,5,Black
Female,698,28,KFC,3,Hispanic
Male,699,35,McDonald,4,White
Male,700,25,Taco Bell,5,White
Female,701,23,Burger King,5,Hispanic
Male,702,21,KFC,5,Hispanic
Male,703,25,Taco Bell,4,Other
Male,704,21,McDonald,2,Other
Female,705,33,KFC,2,Other
Male,706,25,Burger King,5,Black
Female,707,28,Burger King,4,Other
Male,708,36,Taco Bell,2,Black
Male,709,35,Taco Bell,1,Hispanic
Male,710,31,Burger King,3,Black
Male,711,39,KFC,1,Black
Female,712,27,Burger King,3,Other
Female,713,29,McDonald,1,Black
Male,714,30,KFC,5,White
Female,715,31,Taco Bell,5,Black
Female,716,34,KFC,3,White
Male,717,32,Burger King,4,Black
Female,718,30,Taco Bell,5,Black
Male,719,32,Burger King,3,Hispanic
Female,720,29,McDonald,5,Other
Male,721,34,Burger King,2,Hispanic
Female,722,36,Burger King,2,Other
Female,723,27,Burger King,2,Black
Female,724,35,McDonald,2,Hispanic
Female,725,27,McDonald,4,Black
Male,726,39,Taco Bell,3,Hispanic
Female,727,29,KFC,1,Hispanic
Male,728,33,McDonald,2,Hispanic
Female,729,31,McDonald,1,Black
Male,730,30,Burger King,4,Hispanic
Male,731,41,KFC,4,White
Male,732,27,Burger King,3,Black
Male,733,28,McDonald,4,Hispanic
Female,734,39,Taco Bell,2,Hispanic
Female,735,21,Burger King,3,Hispanic
Female,736,28,Taco Bell,1,Black
Female,737,35,Taco Bell,3,Hispanic
Male,738,22,Burger King,4,White
Female,739,24,Burger King,4,Other
Female,740,35,KFC,2,White
Male,741,34,McDonald,1,Black
Male,742,24,KFC,2,Hispanic
Male,743,32,Taco Bell,2,White
Female,744,26,Burger King,1,Other
Male,745,31,Burger King,2,Hispanic
Male,746,31,KFC,5,Black
Male,747,34,McDonald,5,Black
Male,748,29,McDonald,3,White
Female,749,31,Taco Bell,3,Hispanic
Male,750,33,McDonald,5,Black
Male,751,30,Burger King,2,Black
Female,752,24,Taco Bell,2,White
Male,753,24,Taco Bell,4,Black
Female,754,30,KFC,2,Hispanic
Male,755,29,Taco Bell,2,Hispanic
Male,756,28,McDonald,1,Black
Male,757,29,McDonald,5,Black
Female,758,31,Burger King,3,Other
Female,759,29,Burger King,1,Hispanic
Female,760,31,Burger King,4,Hispanic
Male,761,35,McDonald,3,White
Female,762,36,McDonald,5,Black
Female,763,27,McDonald,1,Black
Female,764,37,KFC,3,Black
Male,765,29,McDonald,4,Other
Female,766,33,McDonald,4,Hispanic
Male,767,28,McDonald,2,White
Male,768,34,McDonald,3,Black
Male,769,37,KFC,3,Hispanic
Male,770,32,Burger King,3,Other
Male,771,23,KFC,5,Black
Female,772,29,Burger King,2,Hispanic
Male,773,31,McDonald,5,White
Male,774,29,Burger King,5,White
Female,775,27,Burger King,3,Other
Female,776,27,Taco Bell,3,White
Female,777,19,Burger King,2,White
Male,778,32,Taco Bell,1,Hispanic
Female,779,24,KFC,2,Hispanic
Female,780,32,KFC,1,Black
Male,781,27,KFC,2,Other
Male,782,36,Taco Bell,2,White
Female,783,28,McDonald,5,Hispanic
Female,784,18,Burger King,5,Black
Male,785,37,McDonald,3,Other
Female,786,34,Burger King,5,White
Female,787,42,KFC,3,Hispanic
Female,788,31,Burger King,2,White
Male,789,34,KFC,2,Black
Female,790,37,McDonald,5,White
Male,791,32,KFC,4,Black
Female,792,33,Burger King,3,Hispanic
Female,793,39,Taco Bell,2,Other
Female,794,27,McDonald,1,White
Male,795,33,KFC,3,Black
Female,796,24,Taco Bell,3,White
Female,797,37,KFC,5,Black
Male,798,27,KFC,5,Hispanic
Female,799,28,McDonald,4,Other
Male,800,34,McDonald,3,Black
Male,801,29,Taco Bell,4,Other
Male,802,26,KFC,2,Black
Female,803,32,KFC,2,Black
Female,804,39,McDonald,5,Other
Female,805,31,Taco Bell,3,Hispanic
Male,806,27,KFC,1,White
Female,807,32,KFC,2,White
Female,808,32,KFC,2,White
Male,809,33,KFC,4,Hispanic
Female,810,37,Taco Bell,5,Hispanic
Female,811,33,Burger King,3,Hispanic
Female,812,33,McDonald,2,Hispanic
Female,813,27,Taco Bell,4,Hispanic
Male,814,31,McDonald,5,Black
Female,815,28,Burger King,3,White
Male,816,36,McDonald,1,Hispanic
Male,817,36,Burger King,5,White
Female,818,29,McDonald,5,Black
Female,819,33,KFC,1,Hispanic
Male,820,27,Burger King,2,White
Female,821,30,Burger King,3,Black
Female,822,24,Burger King,4,White
Male,823,31,Taco Bell,5,Hispanic
Female,824,32,Taco Bell,5,Hispanic
Male,825,22,KFC,4,White
Female,826,35,KFC,2,Other
Male,827,35,Taco Bell,1,White
Female,828,27,Taco Bell,5,White
Male,829,30,Burger King,1,White
Male,830,27,Taco Bell,2,Hispanic
Female,831,35,Taco Bell,1,Other
Female,832,24,McDonald,4,White
Male,833,30,Taco Bell,5,Black
Male,834,32,Burger King,1,White
Male,835,31,McDonald,2,White
Female,836,29,McDonald,5,Black
Female,837,27,Burger King,4,Hispanic
Male,838,30,McDonald,2,Other
Male,839,33,McDonald,4,White
Female,840,23,Taco Bell,5,Hispanic
Male,841,28,KFC,1,Black
Female,842,31,Taco Bell,2,Other
Male,843,39,Burger King,3,White
Female,844,37,Burger King,5,Black
Female,845,31,McDonald,4,Hispanic
Male,846,46,KFC,4,White
Female,847,31,Taco Bell,3,White
Male,848,27,KFC,2,Other
Male,849,31,McDonald,3,Other
Female,850,30,Taco Bell,5,Hispanic
Male,851,27,Taco Bell,3,White
Male,852,29,KFC,4,Other
Female,853,26,Taco Bell,2,White
Male,854,37,Burger King,3,Black
Male,855,27,Burger King,3,Other
Female,856,31,Taco Bell,4,Hispanic
Female,857,32,KFC,3,Other
Male,858,30,KFC,4,White
Male,859,23,KFC,4,White
Male,860,31,Burger King,3,White
Female,861,30,Burger King,2,Hispanic
Female,862,35,McDonald,4,Black
Female,863,26,Burger King,3,Black
Male,864,33,KFC,3,White
Female,865,27,KFC,3,Black
Male,866,27,Burger King,2,White
Female,867,32,McDonald,1,Black
Male,868,26,Taco Bell,1,Other
Male,869,29,KFC,4,White
Male,870,28,KFC,4,Black
Male,871,33,Taco Bell,2,Hispanic
Female,872,22,Taco Bell,3,White
Female,873,30,McDonald,1,Black
Male,874,30,Taco Bell,5,Hispanic
Female,875,26,McDonald,3,Other
Male,876,30,Burger King,1,White
Female,877,29,Burger King,3,Black
Male,878,29,McDonald,3,Other
Male,879,37,KFC,1,Other
Male,880,35,Taco Bell,2,Black
Male,881,28,KFC,5,Black
Male,882,42,Taco Bell,5,Other
Female,883,26,KFC,4,Black
Female,884,28,Taco Bell,5,White
Male,885,34,Taco Bell,2,Hispanic
Female,886,31,Burger King,3,Black
Male,887,28,McDonald,3,Other
Male,888,29,KFC,1,White
Female,889,27,McDonald,3,Other
Male,890,35,Taco Bell,4,Black
Male,891,23,KFC,5,Black
Female,892,22,Burger King,3,Other
Female,893,36,Taco Bell,3,Black
Female,894,29,Taco Bell,5,Other
Male,895,33,Taco Bell,5,White
Female,896,32,McDonald,3,White
Male,897,31,Taco Bell,3,Hispanic
Male,898,28,KFC,5,Hispanic
Female,899,29,KFC,3,Hispanic
Female,900,28,Burger King,4,Hispanic
Male,901,35,KFC,3,Hispanic
Male,902,35,KFC,5,White
Male,903,28,McDonald,1,White
Female,904,29,KFC,1,Black
Female,905,23,McDonald,1,Hispanic
Male,906,37,Taco Bell,3,Black
Male,907,47,Taco Bell,5,Other
Female,908,30,KFC,5,Hispanic
Male,909,29,Taco Bell,5,Other
Female,910,35,Taco Bell,2,Hispanic
Male,911,31,Burger King,5,Black
Male,912,31,Burger King,1,Other
Female,913,28,Burger King,1,White
Female,914,33,KFC,2,Hispanic
Female,915,35,KFC,5,White
Female,916,26,Taco Bell,3,Other
Male,917,35,Taco Bell,3,Other
Female,918,43,Taco Bell,2,Black
Female,919,37,Taco Bell,3,Other
Male,920,34,KFC,2,Other
Female,921,40,Burger King,3,Other
Female,922,27,Taco Bell,2,Other
Female,923,42,Taco Bell,1,Hispanic
Male,924,28,McDonald,5,Other
Female,925,31,Taco Bell,4,Hispanic
Female,926,31,Burger King,5,Other
Male,927,34,KFC,4,Hispanic
Female,928,34,KFC,5,White
Female,929,24,McDonald,1,Black
Female,930,21,Taco Bell,2,Black
Male,931,33,KFC,3,Hispanic
Male,932,24,McDonald,4,Other
Female,933,33,Burger King,3,White
Male,934,28,Burger King,3,Hispanic
Female,935,27,Burger King,5,Other
Male,936,26,Burger King,5,Hispanic
Male,937,29,KFC,2,Black
Female,938,28,Taco Bell,5,White
Male,939,12,KFC,5,Black
Female,940,27,Taco Bell,3,White
Female,941,23,Burger King,5,Black
Male,942,33,Burger King,5,Black
Male,943,27,Burger King,3,Hispanic
Female,944,24,McDonald,5,Black
Male,945,32,McDonald,2,Black
Female,946,32,McDonald,4,Other
Male,947,32,Taco Bell,1,Other
Male,948,32,Burger King,2,Other
Female,949,26,Burger King,3,Other
Female,950,34,McDonald,1,White
Female,951,32,Burger King,2,White
Male,952,29,KFC,2,Other
Male,953,31,Burger King,3,Black
Male,954,27,Burger King,4,Other
Male,955,32,KFC,5,Hispanic
Male,956,22,McDonald,5,White
Male,957,28,McDonald,4,Hispanic
Male,958,29,Taco Bell,5,White
Female,959,24,Burger King,1,Hispanic
Male,960,31,McDonald,4,Other
Male,961,26,McDonald,5,Black
Female,962,33,KFC,2,Black
Female,963,36,Taco Bell,1,Black
Female,964,27,Burger King,2,Other
Male,965,35,Taco Bell,4,Other
Male,966,36,KFC,5,White
Female,967,26,Taco Bell,2,Black
Male,968,26,KFC,5,Hispanic
Female,969,23,Burger King,2,White
Female,970,29,Taco Bell,5,White
Female,971,31,Burger King,2,Black
Male,972,33,McDonald,2,Hispanic
Female,973,27,McDonald,3,Hispanic
Female,974,30,KFC,3,Other
Male,975,31,McDonald,1,Hispanic
Female,976,33,Burger King,1,Hispanic
Male,977,30,McDonald,3,Other
Female,978,21,Burger King,4,Hispanic
Female,979,30,Taco Bell,5,Black
Male,980,33,KFC,5,Black
Male,981,26,KFC,3,White
Male,982,22,McDonald,1,Hispanic
Male,983,17,Taco Bell,1,White
Female,984,29,Burger King,4,Other
Male,985,30,KFC,5,Black
Male,986,19,Burger King,4,Other
Female,987,33,KFC,2,White
Male,988,32,Burger King,2,Hispanic
Female,989,35,Burger King,2,White
Male,990,30,McDonald,2,Black
Female,991,37,Burger King,2,Black
Female,992,32,McDonald,2,White
Female,993,27,Burger King,5,Hispanic
Female,994,31,Taco Bell,3,Other
Female,995,33,Taco Bell,2,Black
Male,996,30,McDonald,1,White
Female,997,19,Burger King,2,Other
Female,998,31,McDonald,4,Other
Female,999,29,McDonald,5,Black
Male,1000,28,McDonald,1,Black
Male,1001,34,Burger King,2,White
Female,1002,27,McDonald,2,Hispanic
Male,1003,29,McDonald,5,Hispanic
Male,1004,22,KFC,1,Black
Male,1005,29,KFC,3,Other
Female,1006,29,McDonald,1,Hispanic
Female,1007,36,Taco Bell,3,White
Male,1008,36,McDonald,5,White
Male,1009,42,McDonald,1,Other
Female,1010,40,Burger King,1,Hispanic
Male,1011,36,Taco Bell,1,Hispanic
Female,1012,27,McDonald,5,Hispanic
Female,1013,29,Taco Bell,3,Hispanic
Male,1014,32,Burger King,1,Black
Female,1015,33,McDonald,5,Hispanic
Male,1016,30,KFC,5,Other
Male,1017,27,Taco Bell,4,Hispanic
Female,1018,32,Taco Bell,5,Other
Male,1019,26,Taco Bell,4,Hispanic
Female,1020,26,KFC,1,Other
Female,1021,33,Burger King,1,Hispanic
Female,1022,25,McDonald,4,Other
Male,1023,31,Taco Bell,4,Black
Female,1024,29,Taco Bell,3,Hispanic
Female,1025,21,Burger King,3,Other
Female,1026,40,Burger King,3,Other
Male,1027,18,McDonald,3,Hispanic
Male,1028,29,KFC,4,White
Female,1029,35,KFC,5,Hispanic
Male,1030,22,Taco Bell,5,Hispanic
Male,1031,23,KFC,2,Black
Female,1032,24,Taco Bell,4,Hispanic
Male,1033,32,KFC,5,Other
Female,1034,29,Taco Bell,5,Other
Female,1035,23,KFC,3,White
Female,1036,35,McDonald,2,Other
Female,1037,35,KFC,3,Other
Female,1038,20,McDonald,5,Hispanic
Female,1039,33,Burger King,3,Other
Female,1040,30,Burger King,3,Other
Male,1041,30,Burger King,2,Black
Male,1042,34,Burger King,2,White
Male,1043,32,Burger King,4,White
Male,1044,23,Taco Bell,2,Other
Female,1045,36,McDonald,1,Hispanic
Female,1046,34,Burger King,1,Other
Male,1047,34,McDonald,3,Black
Female,1048,29,McDonald,4,Black
Female,1049,28,Burger King,4,Other
Female,1050,37,McDonald,3,Hispanic
Male,1051,23,Taco Bell,4,White
Female,1052,34,Burger King,1,Other
Female,1053,32,McDonald,1,Hispanic
Male,1054,35,KFC,2,Hispanic
Male,1055,32,Taco Bell,2,Other
Male,1056,22,Taco Bell,4,Other
Male,1057,28,Burger King,1,Black
Female,1058,29,KFC,4,Black
Female,1059,27,Burger King,3,Other
Female,1060,32,McDonald,5,Other
Male,1061,34,KFC,1,Hispanic
Male,1062,34,KFC,5,White
Female,1063,30,Taco Bell,5,Black
Male,1064,31,Taco Bell,5,Other
Female,1065,26,Taco Bell,4,Black
Male,1066,26,KFC,3,Black
Female,1067,27,KFC,1,Black
Male,1068,26,Burger King,2,Hispanic
Male,1069,28,Burger King,3,Other
Female,1070,35,Burger King,2,Hispanic
Male,1071,29,KFC,4,Hispanic
Male,1072,23,McDonald,2,White
Female,1073,31,McDonald,1,White
Female,1074,24,Taco Bell,5,Other
Male,1075,28,KFC,5,Other
Male,1076,20,Burger King,3,Hispanic
Male,1077,35,McDonald,1,Hispanic
Female,1078,32,KFC,3,Hispanic
Male,1079,31,McDonald,2,Other
Male,1080,34,Taco Bell,3,White
Female,1081,23,Taco Bell,5,Hispanic
Male,1082,26,McDonald,1,Other
Male,1083,26,Taco Bell,5,White
Female,1084,28,Burger King,5,Hispanic
Male,1085,20,Burger King,4,Black
Male,1086,23,KFC,3,Hispanic
Male,1087,33,Taco Bell,3,White
Male,1088,31,KFC,3,Hispanic
Male,1089,33,Burger King,3,Black
Female,1090,25,KFC,1,White
Male,1091,32,McDonald,1,Hispanic
Male,1092,30,McDonald,3,Black
Male,1093,32,McDonald,5,Hispanic
Male,1094,26,KFC,4,Other
Male,1095,27,Taco Bell,3,Other
Female,1096,37,KFC,5,Black
Female,1097,28,McDonald,2,Hispanic
Female,1098,29,KFC,5,Hispanic
Male,1099,35,Burger King,4,White
Male,1100,33,Taco Bell,4,Black
Female,1101,36,McDonald,5,Other
Female,1102,35,McDonald,2,Black
Male,1103,36,Taco Bell,2,Hispanic
Female,1104,28,McDonald,2,White
Male,1105,23,KFC,5,Hispanic
Male,1106,17,Taco Bell,4,Other
Male,1107,34,Burger King,5,Hispanic
Female,1108,38,Burger King,4,White
Male,1109,33,Taco Bell,1,Black
Female,1110,29,Taco Bell,5,Hispanic
Female,1111,34,KFC,2,Other
Male,1112,30,McDonald,4,Hispanic
Male,1113,20,McDonald,5,Hispanic
Male,1114,31,Taco Bell,1,Black
Male,1115,37,KFC,3,Black
Male,1116,16,McDonald,3,Black
Female,1117,29,Burger King,1,Hispanic
Female,1118,24,KFC,3,White
Female,1119,33,KFC,3,Hispanic
Male,1120,26,Taco Bell,2,White
Female,1121,30,Taco Bell,3,Other
Female,1122,21,Burger King,1,Other
Female,1123,29,McDonald,2,Black
Male,1124,32,Taco Bell,4,White
Female,1125,21,KFC,2,Black
Female,1126,30,Burger King,3,Other
Female,1127,23,Taco Bell,4,White
Female,1128,26,McDonald,5,White
Female,1129,28,Taco Bell,4,White
Male,1130,36,McDonald,1,Black
Male,1131,35,Taco Bell,4,Black
Female,1132,28,Burger King,5,Other
Male,1133,20,KFC,5,Black
Female,1134,28,McDonald,5,White
Female,1135,35,McDonald,1,White
Female,1136,28,Burger King,3,White
Male,1137,34,Taco Bell,2,Hispanic
Female,1138,28,McDonald,2,Other
Female,1139,27,Taco Bell,3,White
Male,1140,29,McDonald,3,Other
Male,1141,34,Taco Bell,5,Black
Female,1142,27,Taco Bell,2,Hispanic
Female,1143,37,Taco Bell,5,Other
Male,1144,31,KFC,4,Black
Female,1145,28,Taco Bell,5,Other
Female,1146,32,Taco Bell,5,White
Female,1147,27,Taco Bell,4,Hispanic
Female,1148,33,McDonald,4,Black
Female,1149,27,Burger King,5,Other
Male,1150,31,KFC,1,Black
Female,1151,32,Taco Bell,3,Other
Female,1152,35,McDonald,3,Hispanic
Male,1153,31,Burger King,5,Black
Male,1154,19,Burger King,5,Hispanic
Male,1155,24,McDonald,4,Other
Female,1156,28,KFC,5,Other
Male,1157,28,McDonald,5,Other
Female,1158,30,Burger King,4,Other
Male,1159,31,Taco Bell,2,White
Female,1160,21,Burger King,5,White
Female,1161,28,Burger King,5,White
Male,1162,27,McDonald,5,White
Male,1163,32,KFC,1,Hispanic
Male,1164,26,Burger King,4,Black
Male,1165,35,McDonald,3,Other
Female,1166,36,KFC,4,White
Male,1167,31,McDonald,3,Black
Female,1168,33,KFC,5,Black
Male,1169,32,Burger King,2,Hispanic
Male,1170,35,Burger King,1,White
Female,1171,31,Taco Bell,2,Hispanic
Male,1172,36,McDonald,4,Hispanic
Female,1173,33,Burger King,4,Hispanic
Female,1174,30,Burger King,4,White
Male,1175,42,Burger King,3,Other
Male,1176,34,Taco Bell,4,Other
Female,1177,31,Taco Bell,5,Hispanic
Male,1178,27,McDonald,1,White
Female,1179,28,Burger King,2,White
Female,1180,36,KFC,3,White
Female,1181,29,KFC,2,White
Female,1182,31,Taco Bell,4,Other
Male,1183,22,Burger King,4,Other
Female,1184,33,KFC,3,Hispanic
Male,1185,24,Taco Bell,4,Black
Male,1186,36,Burger King,3,Other
Male,1187,32,KFC,3,Hispanic
Female,1188,23,McDonald,2,Hispanic
Male,1189,24,Taco Bell,3,Hispanic
Male,1190,40,Burger King,4,Other
Male,1191,26,McDonald,2,Black
Male,1192,28,McDonald,1,Black
